<ETHERNETKRL>
  <CONFIGURATION>
        <EXTERNAL>
          <IP>x.x.x.x</IP>
          <PORT>7000</PORT>
          <TYPE>Server</TYPE>
        </EXTERNAL>
        <INTERNAL>
          <BUFFERING Mode="FIFO" Limit="32"/>
          <ALIVE Set_Flag="997"/>
        </INTERNAL>
      </CONFIGURATION>
  <SEND>
    <XML>
      <ELEMENT Tag="req/node/rc_silhouettematch" Type="STRING"/>
      <ELEMENT Tag="req/service/calibrate_base_plane" Type="STRING"/>
      <ELEMENT Tag="req/args/offset" Type="REAL"/>
      <ELEMENT Tag="req/args/plane/@distance" Type="REAL"/>
      <ELEMENT Tag="req/args/plane/normal/@x" Type="REAL"/>
      <ELEMENT Tag="req/args/plane/normal/@y" Type="REAL"/>
      <ELEMENT Tag="req/args/plane/normal/@z" Type="REAL"/>
      <ELEMENT Tag="req/args/plane_estimation_method" Type="STRING"/>
      <ELEMENT Tag="req/args/pose_frame" Type="STRING"/>
      <ELEMENT Tag="req/args/region_of_interest_2d_id" Type="STRING"/>
      <ELEMENT Tag="req/args/robot_pose/@X" Type="REAL"/>
      <ELEMENT Tag="req/args/robot_pose/@Y" Type="REAL"/>
      <ELEMENT Tag="req/args/robot_pose/@Z" Type="REAL"/>
      <ELEMENT Tag="req/args/robot_pose/@A" Type="REAL"/>
      <ELEMENT Tag="req/args/robot_pose/@B" Type="REAL"/>
      <ELEMENT Tag="req/args/robot_pose/@C" Type="REAL"/>
      <ELEMENT Tag="req/args/stereo/@plane_preference" Type="STRING"/>
      <ELEMENT Tag="req/end_of_request" Type="BOOL"/>
    </XML>
  </SEND>
  <RECEIVE>
    <XML>
      <ELEMENT Tag="res/plane/@distance" Type="REAL"/>
      <ELEMENT Tag="res/plane/@pose_frame" Type="STRING"/>
      <ELEMENT Tag="res/plane/normal/@x" Type="REAL"/>
      <ELEMENT Tag="res/plane/normal/@y" Type="REAL"/>
      <ELEMENT Tag="res/plane/normal/@z" Type="REAL"/>
      <ELEMENT Tag="res/return_code/@message" Type="STRING"/>
      <ELEMENT Tag="res/return_code/@value" Type="INT"/>
      <ELEMENT Tag="res/timestamp/@nsec" Type="INT"/>
      <ELEMENT Tag="res/timestamp/@sec" Type="INT"/>
      <ELEMENT Tag="res" Set_Flag="998"/>
    </XML>
  </RECEIVE>
</ETHERNETKRL>
