<ETHERNETKRL>
  <CONFIGURATION>
        <EXTERNAL>
          <IP>x.x.x.x</IP>
          <PORT>7000</PORT>
          <TYPE>Server</TYPE>
        </EXTERNAL>
        <INTERNAL>
          <BUFFERING Mode="FIFO" Limit="32"/>
          <ALIVE Set_Flag="997"/>
        </INTERNAL>
      </CONFIGURATION>
  <SEND>
    <XML>
      <ELEMENT Tag="req/node/rc_itempick" Type="STRING"/>
      <ELEMENT Tag="req/service/update_region_of_interest_vis" Type="STRING"/>
      <ELEMENT Tag="req/args/robot_pose/@X" Type="REAL"/>
      <ELEMENT Tag="req/args/robot_pose/@Y" Type="REAL"/>
      <ELEMENT Tag="req/args/robot_pose/@Z" Type="REAL"/>
      <ELEMENT Tag="req/args/robot_pose/@A" Type="REAL"/>
      <ELEMENT Tag="req/args/robot_pose/@B" Type="REAL"/>
      <ELEMENT Tag="req/args/robot_pose/@C" Type="REAL"/>
      <ELEMENT Tag="req/args/region_of_interest/@pose_frame" Type="STRING"/>
      <ELEMENT Tag="req/args/region_of_interest/@type" Type="STRING"/>
      <ELEMENT Tag="req/args/region_of_interest/@id" Type="STRING"/>
      <ELEMENT Tag="req/args/region_of_interest/box/@y" Type="REAL"/>
      <ELEMENT Tag="req/args/region_of_interest/box/@x" Type="REAL"/>
      <ELEMENT Tag="req/args/region_of_interest/box/@z" Type="REAL"/>
      <ELEMENT Tag="req/args/region_of_interest/pose/@X" Type="REAL"/>
      <ELEMENT Tag="req/args/region_of_interest/pose/@Y" Type="REAL"/>
      <ELEMENT Tag="req/args/region_of_interest/pose/@Z" Type="REAL"/>
      <ELEMENT Tag="req/args/region_of_interest/pose/@A" Type="REAL"/>
      <ELEMENT Tag="req/args/region_of_interest/pose/@B" Type="REAL"/>
      <ELEMENT Tag="req/args/region_of_interest/pose/@C" Type="REAL"/>
      <ELEMENT Tag="req/args/region_of_interest/sphere/@radius" Type="REAL"/>
      <ELEMENT Tag="req/end_of_request" Type="BOOL"/>
    </XML>
  </SEND>
  <RECEIVE>
    <XML>
      <ELEMENT Tag="res/return_code/@message" Type="STRING"/>
      <ELEMENT Tag="res/return_code/@value" Type="INT"/>
      <ELEMENT Tag="res" Set_Flag="998"/>
    </XML>
  </RECEIVE>
</ETHERNETKRL>
