<ETHERNETKRL>
  <CONFIGURATION>
        <EXTERNAL>
          <IP>x.x.x.x</IP>
          <PORT>7000</PORT>
          <TYPE>Server</TYPE>
        </EXTERNAL>
        <INTERNAL>
          <BUFFERING Mode="FIFO" Limit="32"/>
          <ALIVE Set_Flag="997"/>
        </INTERNAL>
      </CONFIGURATION>
  <SEND>
    <XML>
      <ELEMENT Tag="req/node/rc_silhouettematch" Type="STRING"/>
      <ELEMENT Tag="req/service/set_load_carrier" Type="STRING"/>
      <ELEMENT Tag="req/args/load_carrier/@id" Type="STRING"/>
      <ELEMENT Tag="req/args/load_carrier/@pose_frame" Type="STRING"/>
      <ELEMENT Tag="req/args/load_carrier/inner_dimensions/@x" Type="REAL"/>
      <ELEMENT Tag="req/args/load_carrier/inner_dimensions/@y" Type="REAL"/>
      <ELEMENT Tag="req/args/load_carrier/inner_dimensions/@z" Type="REAL"/>
      <ELEMENT Tag="req/args/load_carrier/outer_dimensions/@x" Type="REAL"/>
      <ELEMENT Tag="req/args/load_carrier/outer_dimensions/@y" Type="REAL"/>
      <ELEMENT Tag="req/args/load_carrier/outer_dimensions/@z" Type="REAL"/>
      <ELEMENT Tag="req/args/load_carrier/pose/@X" Type="REAL"/>
      <ELEMENT Tag="req/args/load_carrier/pose/@Y" Type="REAL"/>
      <ELEMENT Tag="req/args/load_carrier/pose/@Z" Type="REAL"/>
      <ELEMENT Tag="req/args/load_carrier/pose/@A" Type="REAL"/>
      <ELEMENT Tag="req/args/load_carrier/pose/@B" Type="REAL"/>
      <ELEMENT Tag="req/args/load_carrier/pose/@C" Type="REAL"/>
      <ELEMENT Tag="req/args/load_carrier/rim_thickness/@x" Type="REAL"/>
      <ELEMENT Tag="req/args/load_carrier/rim_thickness/@y" Type="REAL"/>
      <ELEMENT Tag="req/end_of_request" Type="BOOL"/>
    </XML>
  </SEND>
  <RECEIVE>
    <XML>
      <ELEMENT Tag="res/return_code/@message" Type="STRING"/>
      <ELEMENT Tag="res/return_code/@value" Type="INT"/>
      <ELEMENT Tag="res" Set_Flag="998"/>
    </XML>
  </RECEIVE>
</ETHERNETKRL>
