<ETHERNETKRL>
  <CONFIGURATION>
        <EXTERNAL>
          <IP>x.x.x.x</IP>
          <PORT>7000</PORT>
          <TYPE>Server</TYPE>
        </EXTERNAL>
        <INTERNAL>
          <BUFFERING Mode="FIFO" Limit="32"/>
          <ALIVE Set_Flag="997"/>
        </INTERNAL>
      </CONFIGURATION>
  <SEND>
    <XML>
      <ELEMENT Tag="req/node/rc_silhouettematch" Type="STRING"/>
      <ELEMENT Tag="req/service/get_sorting_strategies" Type="STRING"/>
      <ELEMENT Tag="req/end_of_request" Type="BOOL"/>
    </XML>
  </SEND>
  <RECEIVE>
    <XML>
      <ELEMENT Tag="res/direction/@pose_frame" Type="STRING"/>
      <ELEMENT Tag="res/direction/@weight" Type="REAL"/>
      <ELEMENT Tag="res/direction/vector/@x" Type="REAL"/>
      <ELEMENT Tag="res/direction/vector/@y" Type="REAL"/>
      <ELEMENT Tag="res/direction/vector/@z" Type="REAL"/>
      <ELEMENT Tag="res/distance_to_point/@farthest_first" Type="BOOL"/>
      <ELEMENT Tag="res/distance_to_point/@pose_frame" Type="STRING"/>
      <ELEMENT Tag="res/distance_to_point/@weight" Type="REAL"/>
      <ELEMENT Tag="res/distance_to_point/point/@x" Type="REAL"/>
      <ELEMENT Tag="res/distance_to_point/point/@y" Type="REAL"/>
      <ELEMENT Tag="res/distance_to_point/point/@z" Type="REAL"/>
      <ELEMENT Tag="res/preferred_orientation/@weight" Type="REAL"/>
      <ELEMENT Tag="res/return_code/@message" Type="STRING"/>
      <ELEMENT Tag="res/return_code/@value" Type="INT"/>
      <ELEMENT Tag="res" Set_Flag="998"/>
    </XML>
  </RECEIVE>
</ETHERNETKRL>
