<ETHERNETKRL>
  <CONFIGURATION>
        <EXTERNAL>
          <IP>x.x.x.x</IP>
          <PORT>7000</PORT>
          <TYPE>Server</TYPE>
        </EXTERNAL>
        <INTERNAL>
          <BUFFERING Mode="FIFO" Limit="1"/>
          <ALIVE Set_Flag="997"/>
        </INTERNAL>
      </CONFIGURATION>
  <SEND>
    <XML>
      <ELEMENT Tag="req/node/rc_stereovisodo" Type="STRING"/>
      <ELEMENT Tag="req/parameters/disprange/@value" Type="INT"/>
      <ELEMENT Tag="req/parameters/nkey/@value" Type="INT"/>
      <ELEMENT Tag="req/parameters/ncorner/@value" Type="INT"/>
      <ELEMENT Tag="req/parameters/nfeature/@value" Type="INT"/>
      <ELEMENT Tag="req/end_of_request" Type="BOOL"/>
    </XML>
  </SEND>
  <RECEIVE>
    <XML>
      <ELEMENT Tag="res/parameters/disprange/@value" Type="INT"/>
      <ELEMENT Tag="res/parameters/disprange/@default" Type="INT"/>
      <ELEMENT Tag="res/parameters/disprange/@min" Type="INT"/>
      <ELEMENT Tag="res/parameters/disprange/@max" Type="INT"/>
      <ELEMENT Tag="res/parameters/nkey/@value" Type="INT"/>
      <ELEMENT Tag="res/parameters/nkey/@default" Type="INT"/>
      <ELEMENT Tag="res/parameters/nkey/@min" Type="INT"/>
      <ELEMENT Tag="res/parameters/nkey/@max" Type="INT"/>
      <ELEMENT Tag="res/parameters/ncorner/@value" Type="INT"/>
      <ELEMENT Tag="res/parameters/ncorner/@default" Type="INT"/>
      <ELEMENT Tag="res/parameters/ncorner/@min" Type="INT"/>
      <ELEMENT Tag="res/parameters/ncorner/@max" Type="INT"/>
      <ELEMENT Tag="res/parameters/nfeature/@value" Type="INT"/>
      <ELEMENT Tag="res/parameters/nfeature/@default" Type="INT"/>
      <ELEMENT Tag="res/parameters/nfeature/@min" Type="INT"/>
      <ELEMENT Tag="res/parameters/nfeature/@max" Type="INT"/>
      <ELEMENT Tag="res/return_code/@value" Type="INT"/>
      <ELEMENT Tag="res/return_code/@message" Type="STRING"/>
      <ELEMENT Tag="res" Set_Flag="998"/>
    </XML>
  </RECEIVE>
</ETHERNETKRL>
