<ETHERNETKRL>
  <CONFIGURATION>
        <EXTERNAL>
          <IP>x.x.x.x</IP>
          <PORT>7000</PORT>
          <TYPE>Server</TYPE>
        </EXTERNAL>
        <INTERNAL>
          <BUFFERING Mode="FIFO" Limit="32"/>
          <ALIVE Set_Flag="997"/>
        </INTERNAL>
      </CONFIGURATION>
  <SEND>
    <XML>
      <ELEMENT Tag="req/node/rc_gripper_db" Type="STRING"/>
      <ELEMENT Tag="req/service/get_grippers" Type="STRING"/>
      <ELEMENT Tag="req/args/gripper_ids/le" Type="STRING"/>
      <ELEMENT Tag="req/end_of_request" Type="BOOL"/>
    </XML>
  </SEND>
  <RECEIVE>
    <XML>
      <ELEMENT Tag="res/grippers/le/elements/le/box/@x" Type="REAL"/>
      <ELEMENT Tag="res/grippers/le/elements/le/box/@y" Type="REAL"/>
      <ELEMENT Tag="res/grippers/le/elements/le/box/@z" Type="REAL"/>
      <ELEMENT Tag="res/grippers/le/elements/le/cad/@id" Type="STRING"/>
      <ELEMENT Tag="res/grippers/le/elements/le/cylinder/@height" Type="REAL"/>
      <ELEMENT Tag="res/grippers/le/elements/le/cylinder/@radius" Type="REAL"/>
      <ELEMENT Tag="res/grippers/le/elements/le/finger_zero_pose/@X" Type="REAL"/>
      <ELEMENT Tag="res/grippers/le/elements/le/finger_zero_pose/@Y" Type="REAL"/>
      <ELEMENT Tag="res/grippers/le/elements/le/finger_zero_pose/@Z" Type="REAL"/>
      <ELEMENT Tag="res/grippers/le/elements/le/finger_zero_pose/@A" Type="REAL"/>
      <ELEMENT Tag="res/grippers/le/elements/le/finger_zero_pose/@B" Type="REAL"/>
      <ELEMENT Tag="res/grippers/le/elements/le/finger_zero_pose/@C" Type="REAL"/>
      <ELEMENT Tag="res/grippers/le/elements/le/function_type" Type="STRING"/>
      <ELEMENT Tag="res/grippers/le/elements/le/id" Type="STRING"/>
      <ELEMENT Tag="res/grippers/le/elements/le/parent_id" Type="STRING"/>
      <ELEMENT Tag="res/grippers/le/elements/le/pose/@X" Type="REAL"/>
      <ELEMENT Tag="res/grippers/le/elements/le/pose/@Y" Type="REAL"/>
      <ELEMENT Tag="res/grippers/le/elements/le/pose/@Z" Type="REAL"/>
      <ELEMENT Tag="res/grippers/le/elements/le/pose/@A" Type="REAL"/>
      <ELEMENT Tag="res/grippers/le/elements/le/pose/@B" Type="REAL"/>
      <ELEMENT Tag="res/grippers/le/elements/le/pose/@C" Type="REAL"/>
      <ELEMENT Tag="res/grippers/le/elements/le/type" Type="STRING"/>
      <ELEMENT Tag="res/grippers/le/flange_radius" Type="REAL"/>
      <ELEMENT Tag="res/grippers/le/id" Type="STRING"/>
      <ELEMENT Tag="res/grippers/le/tcp_parent_id" Type="STRING"/>
      <ELEMENT Tag="res/grippers/le/tcp_pose_flange/@X" Type="REAL"/>
      <ELEMENT Tag="res/grippers/le/tcp_pose_flange/@Y" Type="REAL"/>
      <ELEMENT Tag="res/grippers/le/tcp_pose_flange/@Z" Type="REAL"/>
      <ELEMENT Tag="res/grippers/le/tcp_pose_flange/@A" Type="REAL"/>
      <ELEMENT Tag="res/grippers/le/tcp_pose_flange/@B" Type="REAL"/>
      <ELEMENT Tag="res/grippers/le/tcp_pose_flange/@C" Type="REAL"/>
      <ELEMENT Tag="res/grippers/le/tcp_pose_parent/@X" Type="REAL"/>
      <ELEMENT Tag="res/grippers/le/tcp_pose_parent/@Y" Type="REAL"/>
      <ELEMENT Tag="res/grippers/le/tcp_pose_parent/@Z" Type="REAL"/>
      <ELEMENT Tag="res/grippers/le/tcp_pose_parent/@A" Type="REAL"/>
      <ELEMENT Tag="res/grippers/le/tcp_pose_parent/@B" Type="REAL"/>
      <ELEMENT Tag="res/grippers/le/tcp_pose_parent/@C" Type="REAL"/>
      <ELEMENT Tag="res/grippers/le/type" Type="STRING"/>
      <ELEMENT Tag="res/return_code/@message" Type="STRING"/>
      <ELEMENT Tag="res/return_code/@value" Type="INT"/>
      <ELEMENT Tag="res" Set_Flag="998"/>
    </XML>
  </RECEIVE>
</ETHERNETKRL>
