<ETHERNETKRL>
  <CONFIGURATION>
        <EXTERNAL>
          <IP>x.x.x.x</IP>
          <PORT>7000</PORT>
          <TYPE>Server</TYPE>
        </EXTERNAL>
        <INTERNAL>
          <BUFFERING Mode="FIFO" Limit="32"/>
          <ALIVE Set_Flag="997"/>
        </INTERNAL>
      </CONFIGURATION>
  <SEND>
    <XML>
      <ELEMENT Tag="req/node/rc_dynamics" Type="STRING"/>
      <ELEMENT Tag="req/service/get_cam2imu_transform" Type="STRING"/>
      <ELEMENT Tag="req/end_of_request" Type="BOOL"/>
    </XML>
  </SEND>
  <RECEIVE>
    <XML>
      <ELEMENT Tag="res/name" Type="STRING"/>
      <ELEMENT Tag="res/parent" Type="STRING"/>
      <ELEMENT Tag="res/pose/pose/@X" Type="REAL"/>
      <ELEMENT Tag="res/pose/pose/@Y" Type="REAL"/>
      <ELEMENT Tag="res/pose/pose/@Z" Type="REAL"/>
      <ELEMENT Tag="res/pose/pose/@A" Type="REAL"/>
      <ELEMENT Tag="res/pose/pose/@B" Type="REAL"/>
      <ELEMENT Tag="res/pose/pose/@C" Type="REAL"/>
      <ELEMENT Tag="res/pose/timestamp/@sec" Type="INT"/>
      <ELEMENT Tag="res/pose/timestamp/@nsec" Type="INT"/>
      <ELEMENT Tag="res/return_code/@message" Type="STRING"/>
      <ELEMENT Tag="res/return_code/@value" Type="INT"/>
      <ELEMENT Tag="res" Set_Flag="998"/>
    </XML>
  </RECEIVE>
</ETHERNETKRL>
